Area,Perimeter,MajorAxisLength,MinorAxisLength,AspectRation,Eccentricity,ConvexArea,EquivDiameter,Area
43928,762.262,262.151106,213.8427879,1.225905763,0.578442181,44320,236.4970755,0
43935,765.713,256.3129117,218.4494531,1.173328237,0.523091664,44370,236.5159179,0
43946,769.228,272.8279374,205.6476576,1.326676611,0.657146138,44592,236.5455242,0
43947,765.591,266.0595312,210.6660139,1.262944726,0.610780076,44397,236.5482155,0
43949,764.043,277.995372,201.440147,1.380039561,0.689151896,44246,236.5535981,0
43951,760.195,262.5755757,213.5670835,1.229475869,0.581768082,44326,236.5589804,0
43964,795.449,266.7102618,210.1685413,1.26903037,0.615671136,44557,236.593963,0
43968,763.577,261.8395724,214.330122,1.221664831,0.574427993,44429,236.6047259,0
43983,774.627,282.8006744,198.3264995,1.425934886,0.712871876,44363,236.6450821,0
44019,761.71,277.3292487,202.3444951,1.370579657,0.683854616,44351,236.7419091,0
44028,768.937,274.5148104,204.5684639,1.341921453,0.66684092,44445,236.7661096,0
44042,774.452,266.9780244,210.135433,1.270504553,0.616839608,44538,236.80375,0
44048,763.489,271.0824375,207.2220042,1.308173997,0.644713487,44378,236.8198798,0
44058,778.306,271.3398809,206.9524152,1.311122079,0.646745966,44518,236.8467603,0
44113,754.12,258.9507321,217.1547026,1.192471215,0.544755896,44436,236.9945485,0
44141,765.323,271.778025,207.1410008,1.312043603,0.647377176,44515,237.0697508,0
44146,770.979,277.5238707,202.6947764,1.369171301,0.683053011,44560,237.0831773,0
44163,774.123,270.9880395,207.8487847,1.303774953,0.641642871,44646,237.1288216,0
44165,771.361,263.8424028,213.423154,1.236240763,0.587940854,44603,237.1341909,0
44192,769.732,275.9459448,204.2958668,1.350717218,0.672224446,44586,237.2066651,0
44197,778.339,268.0195255,210.299408,1.274466382,0.619948988,44681,237.2200838,0
44212,768.598,268.3170822,210.2958866,1.275902665,0.621065272,44579,237.2603354,0
44213,847.793,279.6244109,203.7493651,1.372394023,0.684882302,45752,237.2630186,0
44220,781.713,264.4764441,213.2033637,1.240489078,0.59173349,44842,237.2818001,0
44258,771.799,276.9029273,203.8423848,1.358416836,0.676817265,44680,237.3837311,0
44290,764.47,266.3331823,212.346134,1.254240787,0.603589734,44661,237.4695337,0
44290,776.883,275.7552456,204.7260179,1.346947732,0.669935501,44739,237.4695337,0
44305,760.743,271.0108236,208.2624982,1.301294405,0.639891088,44628,237.509743,0
44344,772.196,263.9895261,214.3562534,1.231545719,0.583674518,44806,237.6142554,0
44351,769.972,268.1440908,210.7816343,1.272141625,0.618129859,44773,237.6330092,0
44353,758.998,256.4685192,220.3236834,1.164053338,0.51186288,44767,237.6383671,0
44358,758.485,260.4314029,217.2073703,1.198998922,0.551720445,44677,237.6517615,0
44369,780.415,272.2403783,208.0100428,1.308784781,0.645136231,44967,237.6812264,0
44370,761.446,258.4358299,218.8442898,1.180911918,0.531906314,44732,237.6839048,0
44385,768.664,255.6372875,221.4859426,1.15419193,0.499338424,44875,237.7240779,0
44409,758.724,268.853506,210.6264322,1.276447135,0.621486928,44698,237.7883406,0
44417,769.784,277.7135197,203.8245272,1.362512763,0.679216384,44833,237.8097577,0
44417,765.401,275.0257092,206.0544958,1.334723167,0.662322309,44758,237.8097577,0
44421,788.512,259.8055498,218.3461679,1.189879137,0.541933313,45157,237.8204655,0
44429,759.18,264.1860475,214.2718159,1.23294819,0.584957301,44767,237.8418797,0
44429,752.449,248.3909893,228.1029765,1.088942341,0.395833567,44704,237.8418797,0
44436,772.915,270.33186,209.5352252,1.290149948,0.631834039,44893,237.8606155,0
44442,766.629,263.3496817,215.2035367,1.223723763,0.576385547,44827,237.8766736,0
44459,758.56,257.0304179,220.5112713,1.165611247,0.513785015,44768,237.9221657,0
44460,774.803,264.3375604,214.7831933,1.230718085,0.582914127,44927,237.9248414,0
44466,760.049,269.4836158,210.2681728,1.281618669,0.625451195,44807,237.9408952,0
44478,772.434,259.7576665,218.7177415,1.187638756,0.539466792,44910,237.9729995,0
44484,769.816,269.316819,210.9512926,1.276677738,0.621665266,44848,237.98905,0
44487,761.329,264.0926898,214.979129,1.228457344,0.58082412,44806,237.9970748,0
44495,764.275,263.049911,215.7272214,1.219363552,0.572220287,44839,238.0184731,0
44495,793.424,296.3986318,191.4147962,1.548462489,0.763505023,45063,238.0184731,0
44515,809.186,274.9714228,206.5348797,1.331355862,0.660172545,45305,238.0719604,0
44515,757.601,265.5904698,213.9674526,1.241265747,0.592420038,44780,238.0719604,0
44517,757.197,261.8157548,216.6867686,1.208268306,0.561272971,44812,238.0773085,0
44524,758.387,258.916322,219.1299765,1.181565052,0.53265079,44860,238.0960258,0
44538,761.462,265.1809215,214.2723373,1.237588224,0.589150664,44899,238.133456,0
44542,789.281,285.5254747,199.032858,1.434564511,0.716997579,45086,238.1441492,0
44543,764.877,269.8147058,210.5971091,1.28118903,0.625124633,44928,238.1468224,0
44554,771.972,257.6997529,220.5798625,1.168283224,0.517047302,45003,238.1762261,0
44556,772.808,270.4781599,210.4505286,1.28523393,0.628179475,44972,238.1815718,0
44564,761.869,267.5093662,212.5174328,1.25876434,0.607355885,44905,238.2029535,0
44565,833.876,272.2965416,209.5186986,1.299628832,0.638706499,45809,238.2056261,0
44581,813.758,256.8397138,221.4744633,1.15968094,0.506387316,45046,238.2483833,0
44593,778.735,294.6919305,193.1196497,1.525955183,0.755345092,44946,238.2804462,0
44598,783.045,263.6465646,216.4566255,1.218011063,0.570912941,45129,238.2938044,0
44634,774.05,266.8971937,213.6078863,1.249472566,0.599549468,45116,238.3899617,0
44652,779.929,292.0676941,195.0679146,1.49726158,0.744263618,45012,238.4380258,0
44665,762.969,256.4415942,221.8978366,1.155674153,0.501261573,45067,238.4727328,0
44699,767.062,264.3649451,215.4349162,1.227122092,0.579580718,45085,238.5634809,0
44704,770.546,283.7721789,200.7846995,1.413315754,0.706657306,45040,238.5768233,0
44706,773.551,266.7842277,213.6209863,1.248867128,0.599031185,45128,238.58216,0
44716,766.11,260.5966617,218.6403051,1.191896716,0.544133158,45132,238.608842,0
44722,776.694,264.2160633,216.073136,1.222808481,0.575517375,45158,238.6248498,0
44724,765.1,266.5169539,213.9523996,1.245683406,0.596285842,45054,238.6301854,0
44724,772.269,259.2741479,219.9767272,1.178643537,0.529302889,45134,238.6301854,0
44737,765.217,264.9758004,215.2640622,1.230933755,0.583112518,45101,238.6648644,0
44749,769.137,266.7535747,213.844924,1.247415976,0.597784018,45131,238.6968713,0
44756,827.325,266.577995,214.2619832,1.244168429,0.59496758,45565,238.7155401,0
44782,765.251,272.7314485,209.398835,1.302449693,0.640708804,45136,238.7848682,0
44808,771.941,262.1943201,217.9452746,1.20302824,0.555920174,45203,238.8541763,0
44826,783.558,265.823267,214.9560392,1.236640143,0.588300106,45376,238.902147,0
44829,766.523,270.2590696,211.4813251,1.277933499,0.622633829,45200,238.9101412,0
44830,827.094,272.4069663,209.9364441,1.297568735,0.637231936,45467,238.9128058,0
44868,898.66,271.6077667,210.9555106,1.287512072,0.629880886,45687,239.0140412,0
44901,760.063,256.0665644,223.6304356,1.145043445,0.487130289,45226,239.1019214,0
44903,772.654,277.1386431,206.6872579,1.340859837,0.666180995,45351,239.1072464,0
44906,767.466,263.5482273,217.3843647,1.212360547,0.565370411,45287,239.1152337,0
44911,770.999,261.8356413,218.8099031,1.196635242,0.549221921,45359,239.1285453,0
44928,766.3,269.9416282,212.1921254,1.272156673,0.618141683,45295,239.1737993,0
44937,775.198,275.443937,208.5318545,1.320872236,0.653327404,45290,239.1977538,0
44945,772.411,272.5886252,211.348057,1.289761681,0.631547685,45285,239.2190447,0
44957,777.754,277.8000417,206.3069985,1.346537169,0.669684558,45371,239.2509775,0
44987,765.398,263.8115501,217.3656669,1.213676262,0.566672758,45335,239.3307907,0
45003,769.437,270.822761,211.8641012,1.278285276,0.622904372,45353,239.373347,0
45009,768.751,277.9183465,206.4853569,1.345947,0.669323269,45398,239.3893036,0
45010,797.835,289.7970268,198.0833748,1.463005298,0.729927548,45724,239.3919629,0
45014,772.981,270.3666607,212.2463107,1.273834441,0.619456007,45454,239.4026,0
45037,782.176,255.5774683,224.6429349,1.137705348,0.476891438,45554,239.4637538,0
45066,768.715,268.4169536,214.1847085,1.25320316,0.602716742,45424,239.5408385,0
45073,782.275,270.1065059,212.858481,1.268948762,0.615606268,45552,239.5594415,0
45084,763.811,261.1382038,219.9778723,1.187111235,0.538882343,45425,239.5886718,0
45085,773.652,264.8520015,216.9371436,1.220869774,0.573667635,45537,239.5913289,0
45116,766.705,259.0206881,222.0805849,1.166336482,0.514674738,45484,239.673685,0
45125,894.185,273.8982945,211.2701191,1.296436503,0.636417057,46673,239.6975896,0
45137,774.785,272.9422702,210.7777727,1.294929094,0.63532721,45520,239.7294586,0
45142,787.312,266.8412876,216.1488024,1.234525867,0.58639178,45731,239.7427361,0
45154,773.686,273.6448496,210.4505268,1.300281134,0.639171234,45500,239.7745992,0
45169,766.629,265.7160514,217.2634507,1.223013123,0.575711767,45532,239.814422,0
45174,768.607,275.315634,209.473988,1.31431896,0.648927417,45529,239.8276948,0
45195,765.944,270.5319702,213.1831864,1.269011758,0.615656343,45511,239.8834326,0
45217,773.044,278.3089933,207.1983704,1.343200686,0.667633179,45541,239.9418106,0
45218,788.51,269.4230654,213.9499604,1.259280744,0.607781771,45684,239.9444639,0
45244,774.166,278.4999888,207.1100621,1.344695598,0.668554967,45600,240.013437,0
45252,786.514,269.9056337,215.013446,1.255296535,0.604474461,45733,240.0346556,0
45278,771.915,275.8822277,209.2012554,1.318740784,0.651906755,45666,240.1036029,0
45328,795.88,295.0024359,195.9358849,1.50560698,0.747569176,45823,240.2361382,0
45339,765.979,262.8302917,219.8376812,1.195565247,0.548082243,45690,240.2652861,0
45347,834.011,264.891106,220.2328694,1.202777345,0.555660823,46554,240.2864824,0
45357,776.822,273.0395633,211.9180462,1.288420539,0.630555577,45741,240.3129752,0
45363,779.489,287.1038322,201.8698685,1.422222317,0.711066312,45774,240.3288694,0
45375,786.539,267.8203172,216.1716257,1.238924472,0.590344073,46073,240.3606547,0
45381,767.7,267.1976343,216.3952376,1.234766704,0.586609967,45728,240.3765458,0
45422,779.468,265.7687924,217.9280096,1.219525626,0.572376459,45912,240.4851068,0
45428,769.104,265.4741881,218.1533583,1.216915431,0.569848474,45811,240.5009897,0
45443,778.406,268.4356503,215.8949664,1.243362246,0.594262916,45872,240.5406923,0
45454,813.599,263.4350355,220.4674549,1.194893077,0.547363515,46295,240.5698033,0
45454,777.58,278.065298,208.3350827,1.334702223,0.66230901,45868,240.5698033,0
45460,783.344,267.2120104,217.5853339,1.228079143,0.580472617,45965,240.5856806,0
45475,773.603,270.4200681,214.4588917,1.260941274,0.609145681,45854,240.6253692,0
45477,772.981,270.523063,214.2699641,1.262533758,0.610445803,45827,240.6306605,0
45479,772.273,266.0924017,218.0103624,1.22054933,0.57336047,45886,240.6359517,0
45510,778.457,285.0243848,203.5342175,1.400375761,0.700049774,45877,240.7179505,0
45512,784.574,265.3760649,218.6235884,1.213849186,0.566843388,46089,240.7232398,0
45514,770.882,261.7816322,221.67977,1.180899963,0.531892667,45919,240.7285289,0
45530,769.815,267.0581518,217.3855045,1.228500274,0.580863986,45833,240.7708381,0
45545,785.8,274.0362266,212.1982768,1.29141589,0.632765,46060,240.8104962,0
45598,774.842,260.7270609,223.1483769,1.168402229,0.5171916,45973,240.9505691,0
45601,786.993,285.3914353,204.1372873,1.398036778,0.698829008,46050,240.9584953,0
45604,774.694,275.5767214,211.1519401,1.305111008,0.642580302,46000,240.9664213,0
45606,791.464,283.6137233,205.3790132,1.380928454,0.689641998,46088,240.9717051,0
45623,770.991,270.4839862,215.0498095,1.257773661,0.606536548,46014,241.016613,0
45626,790.051,265.7257992,218.9481851,1.21364696,0.566643832,46200,241.0245371,0
45628,777.737,265.0395503,219.313577,1.208495862,0.561502698,46097,241.0298196,0
45646,771.593,274.6355365,211.9024499,1.296047009,0.636135998,45953,241.0773574,0
45650,772.065,261.4591461,222.5587218,1.174787238,0.524812328,46028,241.0879201,0
45653,777.821,266.987536,218.420544,1.222355421,0.575086426,46020,241.0958418,0
45654,779.187,268.0358794,217.2553626,1.23373654,0.585675224,46140,241.0984823,0
45656,771.851,271.8282641,213.9350916,1.270610923,0.616923676,45988,241.1037633,0
45670,788.865,294.6471356,197.8137453,1.489518007,0.741133107,46048,241.1407266,0
45678,773.561,269.2582706,216.1704385,1.245583219,0.596198902,46084,241.1618459,0
45692,773.948,267.3380449,218.1230134,1.225629706,0.578182996,46025,241.1988003,0
45719,774.718,261.8543546,222.7284353,1.175666476,0.525843451,46106,241.2700536,0
45725,778.722,276.2327551,210.989002,1.309228218,0.645442605,46072,241.2858848,0
45726,811.461,269.9139515,216.7664062,1.245183496,0.595851698,46322,241.2885232,0
45735,776.332,267.1302742,218.329889,1.223516741,0.576189465,46119,241.3122678,0
45738,786.456,290.0632965,201.2120227,1.441580342,0.720280279,46160,241.3201821,0
45739,777.912,281.456879,207.090108,1.359103444,0.677221542,46085,241.3228202,0
45753,906.221,275.3211301,212.1319136,1.297876992,0.637453243,46399,241.3597499,0
45754,771.006,262.5414129,222.1515576,1.181812164,0.532931869,46104,241.3623876,0
45794,777.051,279.9184231,208.5809112,1.342013618,0.666898107,46143,241.4678689,0
45813,786.056,272.7826004,214.1422759,1.273838149,0.619458902,46250,241.5179564,0
45862,778.266,274.2327099,213.1213698,1.28674431,0.629309012,46192,241.6470815,0
45886,784.353,272.1067918,215.2976279,1.263863399,0.611525468,46375,241.7103013,0
45906,780.126,272.7095784,214.8186902,1.269487204,0.616033905,46319,241.7629718,0
45919,776.844,254.5527528,229.8039285,1.107695392,0.43011257,46375,241.7972015,0
45932,777.532,273.7150697,214.2982457,1.277262298,0.622116678,46306,241.8314263,0
45951,784.074,269.2993453,217.603471,1.237569162,0.589133594,46376,241.8814386,0
45956,779.419,282.8423293,207.051301,1.366049514,0.681263923,46324,241.894598,0
45982,803.092,261.3146512,224.2230512,1.165422778,0.513553275,46659,241.9630152,0
45984,790.582,293.5218655,199.762426,1.46935473,0.732682275,46363,241.9682773,0
45988,774.279,268.1410248,218.6060795,1.226594546,0.579087603,46335,241.9788011,0
45989,769.145,267.9785692,218.8411482,1.224534652,0.577151987,46275,241.981432,0
45993,773.877,270.5475939,216.6622932,1.248706408,0.598893399,46334,241.9919552,0
45993,775.581,260.7370546,224.9751898,1.158959149,0.505471704,46415,241.9919552,0
46009,798.716,287.505734,203.9274163,1.409843459,0.704908141,46553,242.0340435,0
46015,775.166,277.2145631,211.5356223,1.310486433,0.646309435,46401,242.0498247,0
46021,782.884,281.7103845,208.4104812,1.351709294,0.672822398,46432,242.0656049,0
46028,779.483,262.7993586,223.4295487,1.176206819,0.526474991,46414,242.0840139,0
46090,779.136,276.9653075,212.8479067,1.30123576,0.639849493,46412,242.2470033,0
46092,774.513,268.3126145,219.006491,1.225135444,0.577718211,46436,242.2522592,0
46119,774.893,258.1131983,227.8827401,1.132657954,0.469600415,46508,242.3232027,0
46132,785.214,263.0752199,223.872677,1.175110887,0.52519239,46785,242.3573533,0
46137,784.568,272.4072947,215.9622903,1.261365094,0.609492445,46611,242.3704868,0
46151,786.415,274.7575357,214.4113065,1.281450779,0.625323644,46749,242.407257,0
46173,792.175,286.6587399,205.4085909,1.395553801,0.697524011,46608,242.4650274,0
46202,780.633,260.0997339,226.3979187,1.148860977,0.492296914,46732,242.5411583,0
46217,779.227,270.7798305,217.7277888,1.243662245,0.594525395,46553,242.5805269,0
46250,782.848,281.7191347,209.3760487,1.345517486,0.669059909,46601,242.6671155,0
46294,782.096,270.6347841,218.8189766,1.236797595,0.588441583,46720,242.7825189,0
46323,782.327,262.0060272,225.6030472,1.161358547,0.508502481,46742,242.8585503,0
46343,784.808,280.3904973,210.8225172,1.329983633,0.659289772,46736,242.9109718,0
80590,1134.764,400.6533338,257.5414355,1.555684945,0.766030962,82249,320.3285421,1
80609,1116.248,416.6129173,247.1405223,1.685732932,0.805044977,81672,320.3663004,1
80621,1149.201,414.2109219,248.7102772,1.665435488,0.799667144,81780,320.3901455,1
80641,1131.43,373.9364916,275.7130155,1.356252591,0.675537337,82437,320.4298833,1
80677,1122.027,362.2990523,285.4455253,1.269240609,0.615838161,82097,320.501399,1
80724,1071.17,416.3012603,247.5448111,1.68172081,0.804000203,81330,320.5947426,1
80759,1236.831,415.8544334,248.1715437,1.675673315,0.802408598,82623,320.6642362,1
80784,1264.547,394.3957508,261.8484588,1.50619848,0.747800833,82343,320.7138653,1
80789,1130.935,383.9689235,268.6870597,1.429056256,0.714375547,82025,320.7237902,1
80886,1136.801,391.6544904,263.8011276,1.484658136,0.739136438,82299,320.9162723,1
80933,1114.025,377.1125478,274.9796707,1.371419737,0.68433115,82222,321.0094953,1
80951,1107.182,395.5388204,261.61346,1.511920757,0.750024254,82239,321.0451906,1
81010,1102.058,399.3088648,259.7565191,1.5372429,0.759493165,82215,321.1621639,1
81020,1107.628,381.5514575,271.3382108,1.406184025,0.703045899,82059,321.1819857,1
81061,1141.82,417.8295512,248.4662742,1.681634872,0.803977728,82201,321.2632421,1
81085,1135.253,411.8972213,251.3405916,1.638801033,0.792245714,82646,321.3107973,1
81090,1113.605,394.623288,263.271023,1.498924126,0.744927724,82557,321.3207038,1
81139,1149.98,439.3938611,235.6269835,1.864785835,0.844056274,82672,321.4177709,1
81172,1125.616,404.016421,256.2952612,1.576371015,0.773030853,82356,321.483126,1
81240,1136.169,391.1504063,267.3127891,1.463268583,0.730042696,82832,321.6177554,1
81338,1134.946,370.5396391,280.2769743,1.322048092,0.654106879,82905,321.8116811,1
81411,1150.387,397.071487,262.3872615,1.513303217,0.750556657,82770,321.95606,1
81515,1194.963,416.0416065,251.2564253,1.655844646,0.797043885,83485,322.1616388,1
81544,1086.127,370.8548849,282.3011022,1.313685572,0.648497059,82606,322.2189402,1
81568,1133.606,392.5502676,265.8710006,1.476468914,0.735714675,82755,322.2663544,1
81584,1103.915,381.6111683,274.4421379,1.390497725,0.694837323,82696,322.29796,1
81636,1137.112,397.2341766,262.9920858,1.510441561,0.749452556,83078,322.4006568,1
81910,1132.599,411.3963032,253.9366179,1.620074752,0.786762789,83172,322.9412502,1
81940,1222.335,396.7937766,263.548622,1.505580919,0.747558961,84256,323.0003844,1
81976,1180.158,408.0618288,256.3218355,1.591990117,0.778096625,83902,323.071331,1
81995,1186.252,409.0478139,255.5614799,1.600584776,0.780807517,83446,323.1087688,1
81997,1141.172,407.5545701,258.7221266,1.575259818,0.772663417,83673,323.1127094,1
82032,1144.548,420.1297867,249.0704568,1.686790927,0.805319017,83528,323.1816615,1
82036,1144.187,415.2153227,253.1120842,1.640440535,0.792715061,83728,323.1895408,1
82109,1153.754,390.6378815,269.3704772,1.450188178,0.724223149,83618,323.3333045,1
82299,1145.17,421.062064,249.7111946,1.686196186,0.805165043,83888,323.7071845,1
82319,1166.127,391.4223967,268.9452484,1.455398074,0.72656547,83725,323.7465152,1
82346,1149.477,388.1352926,270.9941588,1.432264423,0.715907539,83842,323.799604,1
82419,1136.792,388.4967581,272.1324999,1.427601475,0.713676351,83738,323.9430969,1
82427,1206.126,429.8247672,245.2583275,1.752538931,0.821227619,84490,323.9588183,1
82477,1259.908,416.7420733,253.6238754,1.64315001,0.79348703,85026,324.0570597,1
82596,1180.392,436.6842287,241.4348694,1.808704061,0.83325953,84186,324.2907545,1
82624,1160.196,418.8289347,251.6113121,1.664587062,0.799437256,84071,324.345717,1
82632,1104.57,384.8359963,275.5373077,1.396674735,0.698114313,83677,324.3614189,1
82632,1101.047,385.5239907,273.2055017,1.411113569,0.70554996,83895,324.3614189,1
82710,1143.233,409.4419119,258.2962419,1.585164031,0.775905186,83999,324.5144723,1
82805,1130.202,394.8044776,268.0019704,1.473140205,0.734302849,84138,324.7007861,1
82845,1137.84,404.1093684,261.6892488,1.544233744,0.762005663,84027,324.779202,1
82869,1142.012,420.4983344,251.7673417,1.670186179,0.800946707,83981,324.8262425,1
82877,1162.581,391.8170128,270.8361443,1.446693955,0.722633674,84171,324.8419212,1
82885,1156.62,412.9039409,257.1367989,1.60577538,0.782419206,84160,324.8575991,1
82952,1154.249,404.4525056,261.9958139,1.543736518,0.76182836,84639,324.9888717,1
82998,1186.993,392.1350204,272.2095469,1.44056307,0.719808193,84544,325.0789685,1
83008,1139.263,414.1048469,255.784557,1.618959533,0.786429016,84045,325.0985514,1
83112,1139.537,393.3455569,269.348653,1.460358359,0.728765425,84375,325.3021442,1
83117,1110.906,379.3635301,279.9034803,1.355336953,0.674993251,84252,325.3119291,1
83127,1093.874,410.1196953,259.0515289,1.583158752,0.775254831,83960,325.3314981,1
83168,1154.625,400.2559405,265.0542163,1.510090826,0.749316689,84772,325.4117184,1
83175,1111.879,400.1873429,266.1833759,1.503427258,0.746712517,84511,325.4254126,1
83203,1124.194,368.1338194,289.4455898,1.27185845,0.617907225,84723,325.4801835,1
83242,1136.826,401.0345748,265.7398989,1.509124435,0.748941712,84536,325.5564562,1
83334,1157.753,413.4552211,257.4347018,1.606058617,0.782506607,84564,325.7363109,1
83470,1156.057,416.9460405,256.495605,1.625548479,0.788389045,84731,326.0020012,1
83492,1168.303,425.0382554,251.072027,1.692893711,0.806887939,85361,326.0449602,1
83580,1218.142,400.899182,266.2635976,1.505647733,0.747585147,85345,326.2167395,1
83735,1191.134,403.2032319,265.0398653,1.521292774,0.753597917,85557,326.5190856,1
83906,1206.297,447.4269964,239.8060077,1.86578727,0.84423907,85675,326.8523172,1
83982,1174.925,412.0556943,260.2859528,1.583088483,0.775231987,85570,327.0003111,1
84005,1170.688,412.4733267,260.4731463,1.583554131,0.7753833,85663,327.0450855,1
84049,1146.398,395.451249,271.3095062,1.457565031,0.727530127,85440,327.1307239,1
84154,1169.542,416.68229,258.0397874,1.61479861,0.785176322,85493,327.3349976,1
84171,1135.22,407.5999068,263.9065404,1.54448581,0.762095465,85583,327.3680585,1
84185,1175.084,408.7205273,263.6448984,1.550269054,0.764140939,85882,327.3952826,1
84221,1205.045,397.284229,271.9564098,1.460837894,0.728976568,86303,327.4652771,1
84228,1129.158,396.6203286,271.6941329,1.459804539,0.728521238,85605,327.4788854,1
84292,1151.256,427.410553,251.9554875,1.696373265,0.807773556,85440,327.6032779,1
84334,1123.665,370.9664234,290.3691275,1.277568406,0.622352684,85612,327.6848849,1
84390,1131.241,396.2597491,271.6921699,1.458487925,0.727939277,85574,327.7936625,1
84439,1151.132,400.1092453,270.1285013,1.481181154,0.737692493,86044,327.8888133,1
84523,1141.272,431.6951295,250.5840348,1.72275592,0.814284997,85773,328.0518649,1
84566,1213.89,422.2427042,255.557956,1.652238541,0.796043446,86165,328.1353004,1
84569,1198.651,418.4177751,260.8692699,1.603936621,0.781850438,86785,328.1411206,1
84584,1126.361,394.41481,274.3782349,1.437485777,0.718372101,85824,328.1702205,1
84664,1143.2,396.7575391,272.9980833,1.453334523,0.725641632,86180,328.3253764,1
84700,1159.78,417.0012702,259.1163751,1.609320407,0.783509107,86013,328.3951727,1
84975,1178.198,428.4313179,252.9555608,1.693701916,0.807094217,86293,328.9278497,1
85083,1129.571,375.3635055,289.2597977,1.297669114,0.637304027,86711,329.1368107,1
85099,1161.055,428.0509995,255.1448778,1.677678201,0.80293851,86211,329.1677566,1
85477,1117.431,414.7149833,263.45565,1.574135849,0.772290788,86390,329.8980093,1
85505,1160.758,432.1542312,253.6821412,1.703526426,0.809574168,87053,329.9520378,1
85561,1167.001,410.0627937,266.3503482,1.539561696,0.760331253,86847,330.0600683,1
85567,1156.399,415.4865841,262.769763,1.581181105,0.774610475,86970,330.0716409,1
85601,1136.724,407.760352,268.7694158,1.517138216,0.752023999,87003,330.1372113,1
85695,1156.716,406.8040568,268.7567432,1.513651535,0.750690509,87339,330.3184263,1
85728,1116.254,423.1451873,258.8708294,1.634580413,0.791029665,86756,330.3820208,1
85816,1200.368,397.8603704,276.0131662,1.441454319,0.720221866,87299,330.5515463,1
85886,1149.584,419.7902253,262.0142339,1.602165726,0.781300416,87013,330.6863341,1
85890,1152.016,417.5364203,262.7196446,1.589285114,0.777232329,87188,330.6940346,1
85895,1173.178,397.5774017,276.2313056,1.439291614,0.719216302,87671,330.7036599,1
85914,1125.237,423.4889446,258.8493991,1.636043762,0.791452564,86826,330.7402338,1
86044,1181.857,437.0365511,251.2670291,1.739331072,0.81820002,87370,330.9903675,1
86088,1215.805,417.9552837,263.640593,1.585322196,0.775956354,88243,331.0749854,1
86131,1137.663,413.0687207,266.268225,1.551325626,0.764511581,87730,331.1576592,1
86145,1130.325,429.0970509,256.1645593,1.675083595,0.8022523,87086,331.1845718,1
86190,1215.677,401.1833273,274.748003,1.460186509,0.728689692,88116,331.2710618,1
86246,1179.304,418.3337201,263.9303155,1.5850158,0.775857215,88043,331.3786622,1
86498,1145.822,380.1703566,290.3756566,1.309236322,0.6454482,87924,331.8624326,1
86530,1150.904,420.9216751,262.953781,1.600743954,0.780857225,87713,331.9238133,1
86593,1178.19,425.8092081,260.6693811,1.633522151,0.790722983,88300,332.0446234,1
86769,1135.185,383.4507041,289.1968679,1.325915826,0.656649726,87906,332.3818919,1
86838,1185.231,402.6771524,275.5243084,1.461494105,0.729265067,88351,332.5140231,1
86940,1118.525,379.3463316,292.3414042,1.297614112,0.637264528,88117,332.7092515,1
86975,1181.978,426.6949965,260.5436427,1.637710259,0.791932519,88249,332.7762152,1
87072,1194.135,400.9714382,277.3967255,1.44548007,0.722077971,88994,332.96173,1
87137,1243.283,393.2571731,283.9716384,1.384846654,0.691787007,89111,333.0859862,1
87149,1189.561,428.9654936,259.2231934,1.654811392,0.796758027,88604,333.1089208,1
87240,1252.96,431.990195,258.3226384,1.672289342,0.801509051,89042,333.2827897,1
87516,1210.109,444.8966593,251.5492961,1.768626135,0.824809572,89724,333.8095745,1
87552,1155.741,371.3509385,301.7053564,1.230839727,0.583026045,88998,333.8782242,1
87691,1135.452,397.0760407,282.7102053,1.404533806,0.702199728,89021,334.1431563,1
87745,1179.474,415.3573846,270.4369885,1.535874907,0.75899651,89355,334.2460229,1
87837,1180.408,406.6439618,275.963401,1.473543087,0.734474379,89534,334.4212043,1
87968,1147.645,412.4432531,272.4215534,1.513989066,0.750820106,89304,334.6704891,1
88103,1224.156,418.9478443,268.4780637,1.560454655,0.767675414,89631,334.9271915,1
88387,1188.866,412.015053,275.5676518,1.495150284,0.743416204,90121,335.466576,1
88389,1123.692,421.2854667,267.7575758,1.573383929,0.772040957,89351,335.4703714,1
88455,1228.134,441.9800302,257.483197,1.716539314,0.812782332,90344,335.5955958,1
88631,1174.734,424.3290592,267.7618562,1.584725566,0.77576324,90381,335.9292992,1
88647,1194.981,398.9848559,283.3704901,1.407997197,0.703971031,90537,335.9596195,1
88811,1234.396,415.8528419,272.3769318,1.526754998,0.7556428,90775,336.2702443,1
88907,1210.626,405.2430606,280.9582347,1.442360503,0.720641443,91061,336.4519404,1
89235,1197.862,395.6879606,288.8077414,1.370073942,0.683567167,90764,337.0719964,1
89239,1143.46,442.6002927,257.9500276,1.715837354,0.812611453,90157,337.079551,1
89248,1226.968,426.2697932,267.2871627,1.594800846,0.778989039,91234,337.0965483,1
89356,1293.204,453.6454077,251.800371,1.801607384,0.831810385,91496,337.3004488,1
89692,1240.715,421.4842303,272.1227493,1.548875393,0.76365061,90687,337.9340191,1
89817,1219.789,421.6890333,271.8926923,1.550939195,0.764376131,91438,338.1694194,1
89968,1233.517,422.4816447,272.7682103,1.548866872,0.763647606,91792,338.4535646,1
90015,1167.663,418.7300668,274.5442236,1.525182578,0.755056954,91331,338.5419584,1
90176,1181.556,418.3022938,275.5283718,1.518182287,0.752421062,91791,338.8445797,1
90231,1159.796,445.2509806,259.2653122,1.717356544,0.812980963,91068,338.9478977,1
90260,1196.254,420.4780916,274.0689009,1.534205779,0.758388284,91653,339.0023618,1
90264,1178.124,408.9285283,281.858841,1.450827396,0.724512304,91447,339.0098734,1
90481,1198.799,409.7641323,281.977795,1.453178724,0.725571675,92264,339.4171287,1
90494,1208.656,427.6731339,270.2006607,1.582798254,0.775137594,92071,339.441511,1
90508,1206.111,414.4114539,278.942451,1.485652156,0.739546864,92011,339.4677668,1
90599,1182.444,432.9544889,266.9800837,1.621673358,0.787239789,91961,339.6383805,1
90605,1257.955,448.3872967,261.2696053,1.716186221,0.812696409,93234,339.6496267,1
90639,1168.399,405.8089767,286.5421369,1.416227928,0.708111103,92250,339.7133484,1
90997,1245.103,425.1416049,272.9535748,1.557560128,0.766679692,92766,340.3835761,1
91010,1196.528,428.4628408,271.0121313,1.580972921,0.774542473,92343,340.4078891,1
91233,1271.386,440.8110544,264.470605,1.666767671,0.800027268,93179,340.8246813,1
91571,1179.116,408.1216527,286.5159999,1.424428837,0.712141681,93026,341.4554412,1
91582,1202.076,436.0937539,268.1121509,1.626534838,0.788679996,93036,341.4759494,1
91671,1251.82,446.6364958,262.1577749,1.703693496,0.809615905,93273,341.6418334,1
91678,1214.367,435.5938924,268.6610274,1.621351249,0.787143814,93416,341.654877,1
91870,1286.118,439.6443118,266.5793117,1.649206418,0.79519618,93731,342.0124515,1
92041,1193.866,440.9058834,266.8912996,1.652005457,0.795978513,93687,342.3306018,1
92169,1153.456,398.911407,295.7132143,1.34898066,0.671173309,93378,342.5685561,1
92981,1209.112,442.6712769,268.7161202,1.64735661,0.794676543,94477,344.0742451,1
93084,1338.893,405.8493977,293.8842226,1.380983961,0.689672559,96777,344.264767,1
93262,1206.743,410.561396,290.6016208,1.412798025,0.706397593,94988,344.5937701,1
93336,1169.293,417.5269276,285.7076302,1.461378288,0.729214186,94432,344.7304543,1
93368,1170.46,442.9813402,269.07607,1.646305226,0.794380261,94486,344.7895442,1
93548,1241.752,460.1698344,260.4665467,1.766713769,0.824389693,95271,345.1217364,1
94187,1189.983,436.3324045,275.3624198,1.584574993,0.775714461,95403,346.298445,1
94287,1217.589,440.1625026,274.6010294,1.602916433,0.781533848,96147,346.4822318,1
94651,1199.819,424.7418673,284.9276281,1.490700885,0.741615331,95964,347.1503941,1
95349,1276.178,483.6912557,252.0172274,1.919278538,0.853538904,96842,348.4280663,1
95737,1284.958,431.6200414,283.3158307,1.523458962,0.754412165,97477,349.1362689,1
95824,1306.551,451.4416501,272.1346295,1.658890862,0.797882947,98004,349.2948699,1
96192,1220.012,448.888428,273.8383004,1.639246326,0.792373357,97341,349.9649387,1
96319,1252.315,434.9804617,283.4827237,1.534416123,0.758465069,98108,350.1958876,1
97054,1265.438,428.8218966,288.6922782,1.485394411,0.739440543,99061,351.529502,1
97060,1246.469,407.9240222,303.8983052,1.342304367,0.667078404,98830,351.5403678,1
97746,1326.664,447.6472123,279.0098748,1.604413509,0.781998177,99567,352.7804878,1
98277,1289.679,436.3537019,287.6784698,1.516810425,0.751899126,100632,353.7374206,1
100846,1297.77,469.2856553,274.4239104,1.71007568,0.811199544,102015,358.3310133,1
102015,1271.97,456.791895,286.8944214,1.592195111,0.778161905,103901,360.4019037,1
102379,1296.377,456.7220677,286.557574,1.593823054,0.778679239,104111,361.0443066,1
105542,1265.623,466.1359799,288.9993416,1.61293094,0.784610228,107112,366.5791156,1
115967,1359.763,449.4549693,331.3052699,1.356618835,0.675754534,118497,384.2574271,1
180805,1631.287,631.507181,369.9237547,1.70712795,0.810470702,184775,479.8000374,2
180948,1578.418,571.5790899,404.2273452,1.414004017,0.707001977,182446,479.9897386,2
181020,1593.456,594.8962104,388.8031964,1.530070267,0.756870603,182766,480.0852241,2
181118,1654.091,632.3590715,370.3584898,1.707424263,0.810544168,185974,480.21516,2
181168,1672.524,653.0310215,360.1947076,1.812994493,0.834126191,186215,480.2814402,2
181181,1601.361,576.0441326,403.3586388,1.428118992,0.713925403,183119,480.2986716,2
181460,1662.937,645.9213641,360.1997962,1.793230787,0.83007437,184707,480.6683345,2
181748,1602.238,587.5345751,395.9814683,1.483742604,0.738757487,183366,481.049624,2
181822,1603.247,579.5137629,401.9407076,1.441789179,0.720377032,183395,481.1475455,2
181877,1596.933,596.6735481,389.934948,1.53018741,0.756913805,183602,481.220312,2
181985,1622.689,597.6705159,390.6550596,1.529918789,0.756814721,184037,481.363167,2
181992,1639.252,642.9683401,363.7281438,1.767716771,0.824610109,184472,481.3724247,2
182090,1621.335,617.0719422,379.3651246,1.626591118,0.788696578,183882,481.5020132,2
182178,1655.89,635.9195747,368.3386072,1.726453763,0.815169845,183979,481.6183487,2
182361,1634.593,608.4481311,385.2641755,1.579301087,0.773995183,184578,481.8601837,2
182494,1653.298,614.2726257,387.0123388,1.587217161,0.776567947,189173,482.0358674,2
182755,1630.171,616.8017129,379.60729,1.624841591,0.788180139,184677,482.3804443,2
182835,1612.474,572.7845688,408.7107613,1.401442348,0.700603718,184739,482.4860124,2
182940,1636.335,624.297759,376.421904,1.658505396,0.797777077,185434,482.6245355,2
182972,1640.716,587.4675312,398.9277317,1.472616428,0.734079576,185353,482.6667442,2
182976,1623.533,617.4970769,380.3828735,1.623356676,0.787740233,184527,482.67202,2
183019,1641.758,624.6280809,375.9565751,1.661436778,0.798579995,184890,482.7287315,2
183093,1626.402,606.628063,386.8273814,1.568213865,0.770311209,185169,482.8263124,2
183153,1627.014,608.6434692,385.1108888,1.580436926,0.774367242,185326,482.9054176,2
183243,1653.91,621.0828564,380.4553283,1.632472488,0.790418086,187180,483.0240511,2
183410,1635.855,614.4548917,384.2737319,1.599003108,0.780312618,185080,483.2441049,2
183422,1639.468,621.549178,380.415314,1.633870023,0.790823874,186364,483.2599133,2
183483,1669.563,634.1044843,374.9097183,1.691352487,0.806493607,187798,483.3402646,2
183612,1610.186,590.3071646,396.9258523,1.487197574,0.740182875,185076,483.5101439,2
183754,1630.759,625.5357421,376.067177,1.663361709,0.799104499,185287,483.6970739,2
183825,1594.423,582.2252398,402.7620548,1.445581163,0.72212432,185116,483.7905118,2
183924,1623.448,631.112949,373.1654798,1.691241508,0.806465163,185666,483.9207683,2
184018,1653.655,627.8334712,376.1729395,1.66900222,0.800629029,186286,484.0444138,2
184172,1632.704,632.6632699,373.8460925,1.692309436,0.806738598,186777,484.2469137,2
184245,1671.122,620.9515398,385.1374477,1.612285545,0.784414055,189905,484.3428743,2
184246,1642.028,646.5775398,365.2053645,1.770449185,0.825208377,186178,484.3441887,2
184259,1644.594,628.1734098,377.5461788,1.663831989,0.799232312,186648,484.3612756,2
184362,1653.005,615.7104168,384.505067,1.60130638,0.781032714,187863,484.4966346,2
184398,1623.758,613.8688831,385.6430029,1.591806096,0.778037997,187032,484.5439356,2
184491,1656.324,618.6363355,383.1531609,1.614592802,0.785114057,187848,484.6661086,2
184715,1664.133,643.8353874,368.5698852,1.746847513,0.81993278,187214,484.9602484,2
184827,1607.292,599.8428246,393.4595067,1.52453509,0.754815056,186978,485.1072514,2
184936,1622.171,621.6169728,380.3633655,1.634271408,0.790940189,186576,485.250274,2
185104,1607.624,588.7555844,402.5758805,1.462471084,0.729693661,187253,485.4706301,2
185149,1647.795,645.0968411,368.5878257,1.750184884,0.820693835,186539,485.5296371,2
185350,1641.849,604.6545875,392.9410131,1.538792255,0.760053674,187679,485.793114,2
185677,1612.79,582.4894601,408.7146632,1.425173874,0.712503289,187533,486.2214505,2
185896,1652.683,618.1100834,387.6740194,1.594406776,0.778864267,187616,486.5081072,2
185950,1641.868,622.9177351,383.0486918,1.626210319,0.788584341,188551,486.5787638,2
186003,1660.027,633.3096037,374.2694279,1.692122189,0.806690699,187431,486.6481019,2
186103,1646.095,622.0727101,384.8835009,1.616262346,0.785618328,189236,486.7789015,2
186401,1757.418,672.2481021,359.7590937,1.868606281,0.844751849,191438,487.1684764,2
186431,1677.124,642.8633744,375.0821166,1.71392702,0.812145171,189926,487.2076781,2
186439,1663.337,627.8109193,382.6947468,1.640500489,0.792732192,188370,487.2181313,2
186509,1672.052,655.6987562,366.1175097,1.790951645,0.829597171,189519,487.3095877,2
186519,1621.151,583.4342733,410.5504252,1.421102592,0.710518061,188837,487.3226515,2
186542,1664.973,624.6485737,383.9255226,1.627004554,0.788818326,188989,487.3526969,2
186618,1640.612,609.8680528,391.8326654,1.556450257,0.766296076,188480,487.4519642,2
186765,1648.501,635.8735911,377.526881,1.684313417,0.804676337,188680,487.6439106,2
187129,1600.835,576.3698506,416.2622526,1.384631556,0.691669896,189047,488.1188818,2
187588,1654.357,593.1580854,405.8803103,1.461411333,0.729228705,189950,488.7171572,2
187645,1652.744,630.5905427,381.280443,1.653875918,0.79649867,189828,488.7914017,2
187761,1664.833,615.0686123,393.7663939,1.56201398,0.768208999,192202,488.942461,2
187777,1674.447,638.4466932,376.9398753,1.69376268,0.807109712,190000,488.9632931,2
188247,1691.965,664.1887128,368.0132442,1.804795679,0.832463864,194252,489.5748406,2
188362,1657.968,639.8234602,377.824013,1.69344308,0.807028193,191016,489.7243583,2
188557,1648.893,620.4363873,390.1882187,1.590095132,0.777491708,190364,489.977784,2
188888,1655.013,630.198992,384.8905254,1.637346077,0.791827784,191255,490.4076581,2
188980,1696.319,650.0019914,374.7298894,1.734588059,0.817093087,192822,490.5270728,2
189236,1659.042,616.7189285,394.2323971,1.564353749,0.769005963,191867,490.8592043,2
189378,1715.619,651.0513743,378.4024657,1.720526247,0.813748237,195616,491.0433367,2
189503,1676.898,651.1912386,373.2266916,1.744760633,0.819454304,191559,491.2053679,2
190062,1654.448,631.5148944,384.6502895,1.641789728,0.793100038,191654,491.9293185,2
190130,1653.353,632.0055466,385.2937073,1.640321486,0.792681037,191870,492.0173113,2
190239,1658.79,615.3651524,394.5142925,1.559804458,0.76745234,192195,492.1583259,2
190505,1693.703,648.0574493,376.3201004,1.722090977,0.814125178,192570,492.5022837,2
190600,1660.623,619.8668961,394.902905,1.569669122,0.770800216,192978,492.6250676,2
190728,1696.174,665.988505,368.9420171,1.805130547,0.832532268,192377,492.7904543,2
190919,1627.569,596.8968719,408.8116613,1.4600779,0.728641811,192563,493.0371392,2
191042,1677.604,629.0483912,389.4610204,1.615176765,0.785290653,193440,493.1959338,2
191093,1686.806,635.7172404,386.4785077,1.644896748,0.793982285,194125,493.2617604,2
191366,1681.844,642.8971264,383.3926337,1.676863533,0.802723457,193330,493.6139774,2
191369,1683.208,650.4560824,381.3812679,1.705527085,0.81007302,194562,493.6178466,2
191554,1682.544,635.3960003,385.9308518,1.646398564,0.794406592,193468,493.8563837,2
191584,1634.627,580.6355825,421.0280125,1.379090144,0.688626991,193466,493.8950546,2
191756,1699.14,659.992234,373.0010084,1.769411393,0.824981528,193517,494.116709,2
192018,1667.608,637.5186106,385.1775668,1.655129129,0.796845999,193459,494.4541545,2
192106,1680.348,605.2438765,407.4641658,1.485391667,0.739439411,194851,494.5674433,2
192239,1729.088,678.5730082,364.1296181,1.863547963,0.843829857,194337,494.7386147,2
192812,1678.819,654.8477552,378.2192824,1.731397064,0.81634239,194740,495.475391,2
193432,1682.466,638.9842855,387.7218947,1.64804798,0.794871003,195899,496.2713689,2
193584,1693.359,637.0427226,390.5938548,1.630959409,0.789977336,197382,496.4663171,2
193700,1638.311,578.1835433,429.9621282,1.344731327,0.668576945,195583,496.6150419,2
194219,1695.206,639.867505,392.1446533,1.63171294,0.790197019,197270,497.2799123,2
194330,1672.373,628.0549768,395.8854849,1.586456187,0.776322666,196056,497.4219946,2
195076,1671.831,629.855816,397.1060279,1.586114971,0.776212545,196829,498.3758395,2
195106,1648.761,619.8388104,404.0092287,1.534219435,0.75839327,197343,498.4141597,2
195332,1691.955,624.8906194,402.3179203,1.553225914,0.765175845,198864,498.7027439,2
195455,1716.411,633.8275833,396.8950789,1.596965085,0.779672291,198403,498.859735,2
196076,1692.04,641.3045356,393.1082329,1.631368875,0.790096756,199295,499.6515956,2
196157,1685.806,643.0574262,390.6051794,1.646310546,0.794381762,198513,499.7547892,2
196212,1747.118,682.7367865,370.0172739,1.845148415,0.840403107,199571,499.8248469,2
196264,1668.132,628.0231974,400.8060181,1.566900618,0.769868483,198006,499.8910741,2
196411,1687.198,654.8413345,384.0744664,1.704985339,0.809938142,197945,500.0782461,2
197245,1702.646,642.0772453,396.0853901,1.621057634,0.787056268,200777,501.1388371,2
197598,1687.798,641.6806396,395.1927607,1.623715572,0.787846689,199491,501.5870688,2
198209,1672.222,617.1342071,412.1567577,1.497328857,0.744290547,200587,502.3619581,2
198281,1725.184,650.6859375,392.475928,1.657900246,0.797610692,201595,502.453192,2
198323,1689.617,646.5186691,393.3605137,1.643577956,0.793608541,201273,502.5064042,2
198671,1686.769,623.2703818,410.10045,1.519799312,0.753033996,201134,502.9470883,2
198796,1739.161,689.3857988,372.7612894,1.849402871,0.84120581,202308,503.1052857,2
198997,1716.787,653.6835728,392.2606567,1.666452043,0.799942038,201507,503.359563,2
199021,1747.665,705.4098964,364.7685377,1.933856195,0.855924066,202063,503.3899159,2
199437,1707.904,634.5901354,403.7199053,1.571857436,0.771532417,201610,503.915742,2
199669,1690.464,625.7629325,411.065652,1.522294381,0.753974953,202954,504.2087531,2
199788,1749.634,685.9410473,375.6152944,1.826179758,0.836745993,202653,504.3589814,2
200116,1773.379,636.1081262,402.3250586,1.581080056,0.774577472,202634,504.7728249,2
200419,1716.101,651.2283237,394.7898344,1.649556972,0.795294421,202151,505.1548241,2
200662,1706.597,635.674095,403.7872339,1.574279823,0.772338574,202914,505.4609713,2
200714,1688.8,612.1030514,420.6495529,1.455137768,0.726449214,203767,505.5264602,2
201447,1780.967,660.7194827,400.6828906,1.648983518,0.795133675,210441,506.4487008,2
201491,1671.7,610.8914983,421.5739849,1.449073046,0.723717519,203393,506.504007,2
201946,1713.493,665.4332105,388.2992918,1.71371214,0.812092608,203438,507.0755694,2
202236,1685.383,633.5119695,408.9218693,1.549224967,0.763773753,203633,507.439526,2
202280,1715.349,652.9293624,396.3776547,1.647240591,0.794643882,204687,507.4947242,2
202363,1709.543,628.335887,413.0076401,1.521366256,0.75362561,204085,507.5988317,2
202626,1715.46,644.7516591,406.4288112,1.58638276,0.776298976,207843,507.9285737,2
203101,1734.279,650.4675322,402.3138876,1.616816004,0.785785139,206039,508.5235735,2
203179,1732.071,676.9838845,388.0407184,1.744620738,0.819422158,206073,508.6212122,2
203296,1716.579,627.5124928,416.8053569,1.505528858,0.747538554,205470,508.7676351,2
203536,1735.247,648.1573185,401.698875,1.613540288,0.784795183,206049,509.0678579,2
203643,1719.307,649.4395429,402.097855,1.615128096,0.785275943,206242,509.2016502,2
203657,1685.938,605.7621375,432.3898213,1.400962991,0.70035497,206515,509.2191532,2
203677,1728.486,662.5508971,393.5188546,1.683657312,0.804505578,205511,509.2441563,2
203686,1722.932,660.997605,394.6847598,1.674748235,0.80216333,206087,509.2554073,2
203688,1738.084,676.0589864,389.1160899,1.737422338,0.817755826,207028,509.2579075,2
203793,1754.602,664.2640948,397.0850735,1.67285083,0.801658757,207056,509.3891504,2
204023,1700.494,621.6446109,422.1989012,1.47239751,0.733986166,207033,509.6765167,2
204413,1780.349,712.9073514,371.3047474,1.920006023,0.853659382,208732,510.16342,2
204635,1706.37,635.1262868,412.6639162,1.539088498,0.760160606,206334,510.4403729,2
204774,1739.277,659.2536003,398.65381,1.653699485,0.796449695,209024,510.6137038,2
205358,1737.704,653.993204,404.0643305,1.618537333,0.786302439,207809,511.3413013,2
205476,1746.64,679.0974408,386.4526105,1.757259292,0.822290479,207384,511.4881902,2
205889,1779.422,687.7230434,384.4723515,1.788745122,0.829133175,208651,512.0019694,2
206303,1734.416,666.0177998,395.9859468,1.681922819,0.804053018,207854,512.5164756,2
206702,1735.169,663.5370804,401.7599413,1.651576009,0.79585879,209401,513.0118521,2
206979,1795.101,712.4086751,379.0117206,1.879648138,0.846735265,214037,513.3554789,2
207034,1753.619,665.63523,399.9981325,1.664095844,0.799303966,209699,513.4236807,2
207561,1752.359,667.5314214,400.3320376,1.667444418,0.800209818,210438,514.0767191,2
207673,1755.004,659.2733366,405.1692712,1.627155324,0.788862697,210788,514.2153984,2
208477,1726.086,642.6828882,416.1311172,1.544424009,0.762073452,210800,515.2098219,2
208502,1770.466,674.4861852,401.0171551,1.681938482,0.804057113,212629,515.2407122,2
208936,1752.441,663.4179617,405.3769925,1.63654567,0.791597299,211979,515.7766741,2
210260,1739.133,648.6103637,417.8989247,1.552074737,0.7647738,213691,517.4082978,2
210910,1748.332,675.7077433,400.4043103,1.68756361,0.805518772,212898,518.2074415,2
211734,1776.585,679.8398711,400.169975,1.698877761,0.808407039,213916,519.2187417,2
212510,1769.746,670.9666466,408.5605262,1.642269881,0.79323677,216642,520.1693336,2
213012,1753.363,638.1534743,427.1834359,1.493862872,0.742897232,215532,520.7833541,2
213022,1849.699,721.2160984,384.3779694,1.87632007,0.846141626,218065,520.7955782,2
213307,1785.693,664.7511897,414.6074684,1.603326617,0.781661226,219982,521.1438454,2
214138,1763.646,653.1324411,422.1838463,1.547033234,0.762999966,217249,522.157993,2
214563,1765.021,659.112828,417.5290886,1.578603374,0.773766151,217833,522.6759,2
215005,1836.047,713.366837,390.0451377,1.828934059,0.837285088,219894,523.2139795,2
215107,1772.436,680.4892103,406.9402925,1.672208977,0.801487609,217799,523.3380731,2
216075,1767.457,684.2747669,404.0402969,1.693580497,0.80706325,217769,524.5142845,2
217182,1811.572,704.3042088,396.8257458,1.774845045,0.826164169,220372,525.8561693,2
218077,1795.577,710.8683797,394.6904946,1.801078033,0.831701502,220398,526.9385735,2
218738,1810.955,682.4655468,412.0814484,1.65614237,0.797126135,223507,527.7365551,2
218983,1845.855,713.9672821,394.0538164,1.81185222,0.833896143,222086,528.032021,2
221203,1792.381,689.2430553,412.2568809,1.671877626,0.801399164,224322,530.7018061,2
221428,1812.571,679.7200367,417.6382009,1.627533198,0.788973839,225247,530.9716432,2
222737,1847.94,722.4940683,396.6969714,1.821274475,0.835778955,225516,532.538784,2
223035,1817.278,680.8125549,419.9943465,1.621004093,0.787040298,225889,532.894907,2
223165,1827.554,669.0993605,428.401186,1.56185226,0.768153752,226058,533.0501881,2
224267,1770.662,640.4429454,449.3396784,1.425298001,0.712563462,226132,534.3646816,2
225335,1802.309,676.7098296,428.7621503,1.578287237,0.773662254,228491,535.635541,2
225405,1796.132,663.2439941,435.8378565,1.52176775,0.753776829,228671,535.7187318,2
226687,1839.808,720.6955205,405.5372409,1.777137703,0.826659415,231500,537.2400326,2
226806,1812.548,679.9753874,428.6803406,1.586206138,0.776241976,229994,537.381027,2
230867,1815.073,671.6153919,440.686418,1.524021083,0.75462275,233243,542.1706318,2
231066,1787.859,641.9042752,460.1984968,1.394842181,0.697148261,232903,542.4042484,2
233751,1849.371,706.9930758,423.527988,1.669294818,0.800707613,237344,545.5465304,2
234898,1869.885,695.1376297,432.5894199,1.606922402,0.782772808,238265,546.883372,2
237270,1921.685,738.1445017,412.9216472,1.787613962,0.828894543,240671,549.6376504,2
241322,1895.94,726.3734932,427.3701205,1.699635652,0.80859809,244319,554.3110259,2
248424,1884.557,715.0530398,446.0436176,1.603101158,0.781591227,251082,562.4084465,2
251432,1919.868,719.1256904,450.9261867,1.594774736,0.778980775,257425,565.8031152,2
254616,1985.37,738.8601535,447.4183287,1.651385529,0.795805652,263261,569.3743583,2
45504,793.417,295.4698306,196.3118225,1.505104618,0.747372158,45972,240.7020819,3
45666,789.77,274.8633573,211.8851392,1.297228104,0.636987114,46074,241.1301662,3
48373,825.148,313.570417,197.8987002,1.584499629,0.77569004,49026,248.1741657,3
49245,822.642,301.392791,208.3464437,1.446594363,0.72258815,49720,250.4010411,3
49882,891.505,357.1890036,179.8346914,1.986207449,0.864011494,51042,252.0153467,3
50954,865.763,330.155474,198.4615253,1.663574204,0.799162267,51704,254.7089472,3
51643,855.523,307.9956112,213.6247263,1.441760121,0.720363573,52139,256.4252519,3
52448,882.474,336.9594211,199.0051127,1.69321992,0.80697124,53082,258.4160747,3
53609,893.456,354.7254337,193.354325,1.83458753,0.838382964,54085,261.2605955,3
54076,893.989,342.7424247,203.259513,1.68623067,0.805173976,55293,262.3960778,3
54137,905.416,356.3926718,195.4373656,1.823564653,0.836231556,54769,262.5440329,3
54343,867.59,303.847956,228.0162327,1.3325716,0.660951387,54907,263.0430698,3
54680,899.793,353.5776383,198.3140946,1.782917341,0.827898128,55370,263.8574204,3
55501,898.191,345.523159,207.0296994,1.668954551,0.800616222,56394,265.8309011,3
55544,924.19,357.6967019,198.2257211,1.804491868,0.832401765,56205,265.9338588,3
55549,914.595,348.4861956,205.1891003,1.698366019,0.808277868,56517,265.9458281,3
55608,918.716,348.4501558,205.4062325,1.696395243,0.807779129,56288,266.0870245,3
55722,897.584,318.9323359,225.0086389,1.417422626,0.708704064,56736,266.3596327,3
55938,909.933,347.2764794,205.5303842,1.689660051,0.806059118,56664,266.8753897,3
55972,897.386,342.4919163,208.7955762,1.640321709,0.7926811,56563,266.956483,3
56270,920.481,374.09942,194.0923458,1.927430052,0.854880123,57445,267.6661898,3
56376,921.455,350.6922928,205.3987297,1.707373231,0.810531519,57032,267.9181826,3
56627,922.876,356.1840294,203.0456968,1.754206245,0.821604177,57280,268.5139395,3
56675,898.464,344.9441908,210.2250507,1.640832953,0.79282715,57180,268.6277186,3
56679,911.133,355.9458366,204.8914494,1.73724105,0.817713549,57531,268.637198,3
56834,910.081,341.5703246,212.3913014,1.608212401,0.783169393,57509,269.0042682,3
57017,903.559,349.8119042,210.8011319,1.65944035,0.798033715,58127,269.437004,3
57017,903.261,355.3339372,205.4576502,1.729475329,0.815887951,57649,269.437004,3
57391,921.48,362.5686078,203.7016423,1.779900268,0.827253235,58763,270.3192385,3
57549,929.955,362.9373998,204.5544341,1.77428273,0.826042363,58471,270.6910833,3
57617,901.703,344.4109267,213.7818121,1.61103942,0.784034479,58093,270.8509606,3
57786,916.524,331.8750114,224.9344364,1.475429982,0.735275342,59196,271.2478946,3
57853,930.73,358.6434909,207.2421815,1.730552575,0.816142909,58737,271.4050983,3
57862,951.333,372.4370305,201.9925213,1.84381594,0.840150402,59220,271.4262083,3
57907,915.319,360.6609553,206.6959192,1.744886675,0.819483259,58999,271.5317335,3
58094,922.37,350.1062379,212.8556695,1.644805792,0.793956543,58691,271.969811,3
58102,907.665,334.8035816,223.8662565,1.495551794,0.743577709,58986,271.9885366,3
58252,950.381,363.1910348,208.034821,1.745818479,0.819697094,59974,272.3394021,3
58634,930.427,351.8374671,214.941906,1.636895632,0.791698124,59677,273.230905,3
58740,942.69,370.6574503,204.0034152,1.816917869,0.834912559,59701,273.4777703,3
58822,942.558,368.175038,206.6187731,1.781905064,0.827682177,60179,273.6685888,3
58877,964.919,376.8503384,202.2688788,1.863115772,0.843750686,60278,273.7965023,3
58961,936.527,363.145456,208.2099472,1.744131156,0.819309586,59576,273.9917459,3
59039,930.334,349.7941673,217.0338863,1.611703008,0.784236743,60458,274.1729189,3
59041,931.502,359.7792308,211.3235495,1.702504201,0.809318484,60026,274.1775628,3
59183,934.857,353.5773491,214.6713018,1.647063888,0.794594122,59939,274.5070782,3
59208,958.477,371.6911507,203.7493708,1.82425668,0.836367936,60037,274.5650505,3
59338,940.712,352.1829755,215.7836786,1.632111278,0.790313002,59999,274.8663095,3
59344,944.279,355.4247825,214.7311272,1.655208479,0.79686796,60734,274.8802058,3
59387,930.813,361.3864657,210.6642569,1.715461707,0.812519908,59877,274.9797753,3
59397,965.459,384.1332599,197.1741672,1.948192633,0.858211481,60021,275.0029259,3
59413,920.796,348.2599063,218.4122537,1.594507178,0.778896067,60023,275.0399627,3
59423,950.19,361.9590866,210.8999607,1.716259621,0.812714275,60550,275.0631082,3
59468,945.536,370.0789421,205.5291693,1.80061518,0.831606207,60107,275.1672387,3
59516,939.011,353.4800427,216.6419379,1.631632574,0.790173606,60643,275.2782678,3
59618,927.753,340.2482659,224.5974328,1.514925,0.751178891,60538,275.5140562,3
59652,964.522,378.7807886,204.0263776,1.856528519,0.842536203,61244,275.5926075,3
59758,953.234,350.9536995,220.0849284,1.594628501,0.778934484,60714,275.8373592,3
59769,934.18,348.4229806,220.9427975,1.576982751,0.773232728,60962,275.8627455,3
59780,977.357,390.3998131,196.3249131,1.98853934,0.864355261,60533,275.8881295,3
59788,929.595,338.3942039,225.9940329,1.497359021,0.744302619,60493,275.9065891,3
59841,936.317,354.6469346,217.6413436,1.629501678,0.789551313,61068,276.0288528,3
60063,942.016,356.0390298,216.2132923,1.646702782,0.794492373,60728,276.540389,3
60108,921.726,351.5022062,218.5511185,1.608329477,0.783205329,60547,276.6439635,3
60169,964.548,370.0253756,211.503431,1.749500582,0.820538199,62285,276.7843026,3
60427,975.052,389.5320302,200.6184292,1.941656267,0.857175627,61767,277.3770826,3
60515,931.443,346.2961144,223.4780809,1.549575301,0.763897061,61176,277.5789816,3
60592,919.006,354.2600075,218.4582782,1.621636911,0.787228933,61008,277.7555229,3
60633,957.86,365.2227575,212.5224049,1.718514138,0.813261752,61556,277.8494796,3
60814,920.166,349.6813614,222.401283,1.572299209,0.771679777,61353,278.263885,3
60956,951.012,368.4262449,211.2337842,1.744163446,0.819317014,61512,278.588567,3
61013,943.222,344.0611383,229.2631251,1.500726025,0.745644339,62063,278.7187908,3
61025,973.886,376.083334,208.2543717,1.805884462,0.832686113,62070,278.7461986,3
61105,962.336,366.6975351,213.6564854,1.716294895,0.812722861,61842,278.9288482,3
61129,964.969,369.3481688,210.9473449,1.750902193,0.820856751,61796,278.9836198,3
61204,953.807,376.0897293,208.6121823,1.802817674,0.832058917,61712,279.1547118,3
61251,982.269,388.8096551,201.9641391,1.925142042,0.854505594,62068,279.2618759,3
61355,968.9,371.1537468,212.8814491,1.743476232,0.819158825,62711,279.4988592,3
61422,968.493,363.9807572,216.3316136,1.682513023,0.804207199,62310,279.6514247,3
61453,964.166,369.2961794,213.1988044,1.732168153,0.816524236,62238,279.7219865,3
61464,948.743,361.5067374,217.5064023,1.662051018,0.798747599,62161,279.7470203,3
61475,964.033,376.1844412,208.6360672,1.803065243,0.832109684,62087,279.7720519,3
61493,957.394,371.099128,211.8087959,1.752047768,0.821116453,62177,279.8130078,3
61498,959.953,367.9021131,215.9102461,1.703958565,0.809682094,63004,279.8243834,3
61531,953.732,366.9656041,215.5767218,1.7022506,0.809254969,62121,279.8994506,3
61587,929.716,344.5567628,227.8365162,1.512298241,0.75016981,62069,280.0267913,3
61636,959.365,368.6321344,214.9134491,1.715258566,0.812470373,62421,280.1381669,3
61707,961.198,367.4445707,214.4825404,1.713167748,0.811959337,62435,280.2994695,3
61720,977.621,379.5612911,208.5169476,1.820289888,0.835583773,62412,280.3289937,3
61747,952.441,360.101053,220.61887,1.632231427,0.790347965,62884,280.3903033,3
61876,954.989,376.5905518,209.7023092,1.795834071,0.830616882,62369,280.683042,3
61918,960.372,353.1381442,224.0962377,1.575832543,0.772852917,62627,280.7782864,3
61944,955.718,361.9657801,219.9610851,1.645590082,0.794178345,62873,280.8372311,3
62080,952.938,352.9881785,225.4791303,1.565502661,0.769395693,62772,281.1453555,3
62114,961.586,360.3624473,220.2068869,1.636472194,0.791576121,62796,281.2223339,3
62128,937.54,354.1882333,224.6542455,1.576592655,0.773104028,62849,281.2540247,3
62148,962.323,372.8952211,212.9640779,1.750977088,0.820873748,62732,281.2992912,3
62152,955.511,356.7448054,223.3037841,1.597576176,0.779864602,62931,281.3083436,3
62222,983.348,376.8332561,214.7422165,1.754816832,0.821741765,64103,281.4667138,3
62280,946.201,367.9646308,216.2749754,1.70137405,0.809035175,62830,281.5978673,3
62296,970.321,376.031819,211.9689307,1.77399498,0.825979979,63057,281.6340368,3
62326,970.848,377.3634018,211.4355642,1.784767871,0.828291811,63122,281.7018421,3
62326,949.778,358.0348016,222.5335143,1.608902833,0.783381179,63269,281.7018421,3
62388,951.604,355.911248,224.8017623,1.583222677,0.77527561,62942,281.8419215,3
62411,932.813,359.6941318,221.6504769,1.622798818,0.787574592,62921,281.8938687,3
62493,994.395,398.8778744,201.8084816,1.976516899,0.862568365,63814,282.078994,3
62502,952.384,369.8376368,216.7894717,1.705976004,0.810184672,63235,282.0993053,3
62596,950.343,363.7792544,221.2839246,1.643947951,0.793713506,63740,282.3113574,3
62613,947.788,363.8466214,220.7150986,1.648489948,0.794995162,63392,282.3496903,3
62646,954.496,374.7266241,215.0731285,1.74232191,0.818892622,63615,282.4240863,3
62703,971.24,371.2031651,217.9622639,1.703061614,0.809457974,64353,282.5525423,3
62711,969.097,355.4825857,227.3315814,1.563718439,0.768790002,64180,282.5705666,3
62716,937.448,356.9927877,224.568972,1.58967993,0.777358815,63313,282.5818311,3
62719,964.622,363.7687768,221.9326844,1.639095105,0.792330024,63475,282.5885897,3
62728,981.369,371.758835,217.0091579,1.713102058,0.811943246,63882,282.6088643,3
62741,957.314,365.7572805,221.4077453,1.651962446,0.795966527,63687,282.6381472,3
62779,955.337,370.2664775,216.7557673,1.708219726,0.810741166,63279,282.7237262,3
62911,950.094,361.4241806,222.9701851,1.620952955,0.787025042,63883,283.0207996,3
63007,962.629,369.3044686,219.0893003,1.685634433,0.805019433,63780,283.2366572,3
63038,959.999,361.0622912,223.0374861,1.618841288,0.786393577,63717,283.3063261,3
63064,972.177,364.0969279,222.1178334,1.639206193,0.792361858,64230,283.3647449,3
63076,990.318,387.0968064,210.5927151,1.83813009,0.839065029,63886,283.3917033,3
63139,971.167,378.9365767,214.3428288,1.767899485,0.824650215,64207,283.5331931,3
63169,970.643,365.6305243,222.0500065,1.646613436,0.794467186,63951,283.6005444,3
63213,964.795,359.6080056,225.8670332,1.592122589,0.778138814,64317,283.6992974,3
63219,981.824,367.1035044,222.0402827,1.653319389,0.796344124,64634,283.712761,3
63231,934.028,355.6625584,227.2279162,1.56522387,0.76930122,63775,283.7396864,3
63320,965.707,378.9902211,215.1549137,1.76147602,0.823231573,64441,283.9393033,3
63391,989.467,376.5126196,215.158764,1.749929273,0.820635725,64276,284.0984477,3
63409,990.243,374.8087513,218.0335152,1.719041915,0.81338955,64645,284.13878,3
63441,964.004,364.0151102,224.0159248,1.624951933,0.78821277,64762,284.2104677,3
63449,967.614,363.3525269,223.9302989,1.622614397,0.787519787,64133,284.2283868,3
63450,996.603,374.6192675,217.0295963,1.726120648,0.815090407,64422,284.2306266,3
63464,954.362,359.2114569,226.2459368,1.587703461,0.776724467,64109,284.2619821,3
63529,967.428,368.4339133,221.9855911,1.659719946,0.798110362,65036,284.4075158,3
63592,966.595,361.9308349,226.0274461,1.601269408,0.781021185,64532,284.5485005,3
63640,977.03,380.1375465,214.574044,1.771591472,0.825457536,64680,284.6558705,3
63652,956.09,362.3406291,225.2317375,1.608745877,0.783333062,64607,284.6827067,3
63716,979.012,373.0874676,218.6783262,1.706101716,0.810215919,64479,284.8257903,3
63745,944.139,356.6672994,228.0424993,1.564038723,0.768898917,64278,284.8906014,3
63819,966.163,364.7912673,224.6349532,1.623929233,0.787910025,64489,285.0559147,3
63844,981.088,371.4302991,220.8342991,1.681941169,0.804057815,65054,285.1117421,3
63962,979.26,377.9745192,216.816579,1.743291592,0.819116286,64599,285.3751001,3
63969,969.999,360.8816397,228.9221591,1.576438214,0.773053043,65307,285.3907154,3
63975,985.876,378.4011461,217.376548,1.740763433,0.818532237,64993,285.4040993,3
63991,982.049,372.1201728,220.9892332,1.683883723,0.804564531,65219,285.4397865,3
63993,972.943,381.3852693,214.8941752,1.774758524,0.826145436,64754,285.4442471,3
64033,988.352,383.1935652,215.0761829,1.781664339,0.82763076,65273,285.5334442,3
64060,988.523,389.1215742,210.5194186,1.848388034,0.84101491,64799,285.5936365,3
64072,962.35,355.0873662,232.2669191,1.528790099,0.756397678,65356,285.6203846,3
64109,981.018,373.4990076,220.4077647,1.694581895,0.807318419,65040,285.7028421,3
64132,968.793,380.8541775,215.9688009,1.763468501,0.823673539,65166,285.7540874,3
64137,1007.701,393.1304149,213.5250628,1.841144125,0.839641806,66763,285.7652265,3
64149,943.894,351.2026644,233.2841519,1.505471596,0.747516105,64831,285.7919585,3
64222,958.611,365.0574836,224.9765328,1.622646945,0.787529461,64957,285.9545244,3
64252,966.933,378.9307449,217.7462558,1.740240004,0.818410945,65281,286.0213055,3
64252,951.839,357.2425199,230.739416,1.548250949,0.76343038,65192,286.0213055,3
64295,961.549,352.1611742,232.98368,1.51152722,0.749872361,64960,286.116998,3
64313,960.54,371.7750098,222.1086683,1.673842865,0.80192282,65036,286.1570458,3
64346,967.065,376.0208577,220.8809807,1.702368654,0.80928454,65560,286.2304522,3
64388,973.025,374.4032686,220.6201874,1.697049001,0.807944801,65308,286.3238513,3
64429,952.229,358.2573631,229.9439759,1.558020217,0.766838421,65054,286.4149972,3
64445,972.438,371.2981495,222.6643886,1.66752372,0.800231193,65116,286.4505585,3
64456,957.016,357.0359673,230.7953004,1.546981099,0.76298151,65050,286.4750043,3
64474,983.303,381.6531652,216.7944165,1.760438167,0.823000671,65241,286.5150021,3
64531,980.585,386.0373463,215.9650235,1.787499383,0.828870342,65443,286.6416248,3
64564,997.3,386.6439511,214.293814,1.804270239,0.832356442,65459,286.7149071,3
64571,973.638,367.600901,225.4166781,1.63076177,0.789919656,65393,286.7304495,3
64588,979.277,378.6367712,219.3767145,1.725966095,0.815053532,65794,286.7681916,3
64605,996.636,385.5914274,216.2022804,1.783475302,0.828016978,66097,286.8059288,3
64652,978.747,376.2127996,219.2937613,1.715565447,0.812545196,65266,286.9102352,3
64654,956.994,359.5664068,230.4623552,1.560195835,0.767586657,65352,286.9146729,3
64748,960.007,354.7152061,234.3659532,1.513509967,0.750636121,65496,287.1231688,3
64782,974.821,374.8584851,221.3174873,1.693758996,0.807108773,65489,287.1985449,3
64821,977.898,371.552348,227.956733,1.629924869,0.789675132,66064,287.2849814,3
64839,953.714,370.2297237,223.8928761,1.653602071,0.796422647,65397,287.3248664,3
64840,993.808,391.2499005,212.0103957,1.845427906,0.840456033,65580,287.3270821,3
64879,991.26,390.9495828,213.0718207,1.834825372,0.838428898,65615,287.4134799,3
64930,990.342,377.2082382,220.6748903,1.70933919,0.811017858,65973,287.5264225,3
64934,1005.197,393.1435875,211.6841501,1.857217875,0.842663986,66119,287.5352789,3
65019,985.505,384.2500817,217.5845569,1.765980487,0.824228275,66378,287.7234123,3
65049,964.019,371.5166427,224.0672843,1.658058399,0.797654197,65696,287.7897829,3
65144,974.566,368.2026409,226.9820111,1.622166616,0.787386627,66001,287.9998557,3
65144,978.923,371.2954818,224.2950351,1.655388768,0.796917841,65737,287.9998557,3
65181,977.089,368.0482822,226.7141993,1.62340199,0.787753679,65980,288.0816321,3
65198,991.49,391.1459696,212.8302058,1.837831092,0.839007636,65780,288.1191973,3
65271,976.35,363.5962751,231.9263575,1.567722957,0.770145872,66871,288.2804508,3
65272,960.989,373.0239357,223.751843,1.667132349,0.800125672,65819,288.2826591,3
65289,1017.247,395.7167381,211.9548364,1.866986122,0.844457464,66261,288.3201981,3
65293,973.285,359.7692789,233.3072839,1.542040492,0.76122198,66249,288.3290301,3
65348,973.672,365.7857288,230.1181707,1.589556043,0.777319138,66339,288.4504425,3
65349,990.508,373.6195476,226.6062153,1.648761253,0.795071318,66724,288.4526495,3
65383,955.639,354.5772588,235.0870694,1.508280569,0.748613534,65965,288.5276783,3
65458,1015.938,390.7011898,217.2378056,1.79849538,0.831168689,67706,288.6931141,3
65469,997.877,375.1600201,223.4789895,1.678726134,0.803214596,66351,288.71737,3
65488,984.521,384.4974309,218.9054779,1.75645413,0.822109888,66604,288.7592619,3
65506,997.059,376.4693714,222.6868828,1.690577221,0.806294768,66312,288.7989432,3
65525,993.29,391.4727093,215.3432963,1.817900608,0.835108619,66623,288.8408232,3
65612,1000.896,390.2698094,215.4482614,1.811431695,0.833811325,66471,289.032512,3
65615,972.507,362.6106163,231.9941862,1.563015963,0.768550831,66519,289.0391197,3